prate,mrate,totpart,totelg,age,totemp,sole,ltotemp
26.1,0.21,1653,6322,8,8709,0,9.072112
100.0,1.42,262,262,6,315,1,5.752573
97.6,0.91,166,170,10,275,1,5.616771
100.0,0.42,257,257,7,500,0,6.214608
82.5,0.53,591,716,28,933,1,6.838405
100.0,1.82,92,92,7,143,1,4.962845
100.0,0.53,399,399,31,628,1,6.44254
92.5,0.34,210,227,13,823,0,6.712956
100.0,0.22,234,234,21,279,1,5.631212
96.8,0.6,120,124,10,141,1,4.94876
83.0,0.5,156,188,5,252,0,5.529429
100.0,1.11,187,187,20,237,1,5.46806
65.5,0.43,350,534,5,681,1,6.523562
84.9,0.51,1519,1790,10,2557,0,7.84659
100.0,0.19,150,150,7,187,1,5.231109
100.0,0.41,160,160,7,188,1,5.236442
100.0,0.84,3448,3448,13,4120,0,8.323608
77.6,0.46,225,290,15,341,0,5.831882
100.0,0.45,519,519,15,598,0,6.393591
100.0,1.13,176,176,8,273,1,5.609472
66.9,0.48,79,118,5,224,1,5.411646
100.0,0.39,270,270,7,415,0,6.028278
70.3,0.21,201,286,7,361,0,5.888878
100.0,0.95,381,381,23,422,0,6.045005
51.3,0.34,284,554,9,797,1,6.680855
61.3,0.36,171,279,15,2102,1,7.650645
88.3,0.96,3858,4371,28,4371,0,8.382747
100.0,0.87,143,143,8,143,1,4.962845
82.9,4.2,107,129,7,131,1,4.875197
77.8,0.08,770,990,6,1042,0,6.948897
100.0,0.91,179,179,6,312,1,5.743003
90.1,0.44,2803,3110,6,3543,0,8.172729
85.3,0.62,93,109,13,158,0,5.062595
100.0,0.28,425,425,7,458,0,6.126869
100.0,0.59,2027,2027,7,2442,0,7.800573
75.6,0.3,438,579,11,1721,0,7.450661
100.0,0.56,584,584,7,685,1,6.529419
100.0,0.65,1284,1284,5,1559,0,7.3518
100.0,1.31,109,109,37,297,1,5.693732
78.2,0.21,1017,1301,7,2125,0,7.661527
77.4,0.41,209,270,7,381,1,5.9428
100.0,0.23,145,145,6,405,0,6.003887
77.0,0.41,612,795,12,1125,0,7.025538
100.0,2.03,133,133,35,206,1,5.327876
98.9,0.52,275,278,42,297,0,5.693732
75.3,0.39,192,255,6,1024,0,6.931472
77.2,0.16,464,601,6,636,0,6.455199
100.0,0.99,542,542,9,622,0,6.43294
88.5,0.1,3107,3510,5,6428,0,8.768418
100.0,0.02,732,732,7,2284,0,7.733684
100.0,0.88,173,173,7,322,1,5.774551
42.5,0.29,316,744,37,775,0,6.652863
100.0,0.13,122,122,11,157,1,5.056246
100.0,1.59,390,390,32,446,0,6.100319
74.7,0.58,2307,3089,36,4067,1,8.310661
37.5,0.29,1136,3033,6,3351,0,8.117014
78.0,0.14,2332,2990,9,9080,1,9.11383
84.0,0.65,905,1078,31,1253,1,7.133296
100.0,2.39,179,179,6,179,1,5.187386
100.0,1.14,307,307,20,411,1,6.018593
84.9,0.41,686,808,7,1404,1,7.247081
79.5,0.22,1634,2055,5,2304,0,7.742402
100.0,0.45,118,118,5,149,1,5.003946
100.0,1.1,337,337,14,720,1,6.579251
95.8,0.63,113,118,6,130,0,4.867535
99.3,0.49,599,603,28,665,0,6.499787
81.2,0.15,108,133,7,231,1,5.442418
93.6,0.11,162,173,27,211,1,5.351858
88.1,0.24,222,252,8,425,1,6.052089
100.0,0.65,150,150,16,198,1,5.288267
100.0,1.35,285,285,10,287,0,5.659482
100.0,0.2,2311,2311,5,3062,0,8.026824
81.0,0.18,102,126,27,151,1,5.01728
100.0,1.17,101,101,8,247,0,5.509388
73.8,1.12,357,484,20,24656,1,10.11278
65.7,0.15,334,508,6,808,0,6.694562
94.9,1.66,1330,1402,27,2437,0,7.798523
38.1,0.2,69,181,6,529,1,6.270988
91.9,0.2,148,161,11,575,0,6.35437
35.6,0.19,678,1904,9,5102,0,8.537388
71.9,0.22,1252,1741,5,2896,0,7.971086
77.4,2.24,212,274,6,379,0,5.937536
100.0,0.62,163,163,11,253,1,5.53339
93.2,0.44,1915,2054,8,3400,1,8.131531
84.6,0.44,312,369,7,591,0,6.381816
90.3,0.47,940,1041,8,1102,0,7.004882
73.0,0.12,92,126,8,138,1,4.927254
86.3,0.44,320,371,7,482,0,6.177944
95.6,0.44,259,271,7,3661,1,8.205492
80.5,4.66,24772,30767,16,31973,0,10.37265
65.6,0.26,80,122,7,306,1,5.723585
37.7,0.35,251,665,8,1395,0,7.24065
78.4,0.23,254,324,6,391,0,5.968708
61.7,0.23,463,750,10,926,1,6.830874
58.7,0.25,2371,4039,14,4838,0,8.484257
81.1,0.41,189,233,8,424,1,6.049734
100.0,0.69,427,427,10,3209,1,8.073714
58.4,0.34,108,185,5,273,1,5.609472
34.2,0.21,230,672,5,798,1,6.682108
100.0,1.1,381,381,7,478,1,6.169611
100.0,0.51,203,203,9,597,1,6.391917
96.0,0.5,25828,26906,23,93165,0,11.44213
100.0,0.23,753,753,7,945,1,6.851185
100.0,0.9,934,934,7,989,0,6.896694
100.0,0.84,595,595,5,3076,0,8.031385
100.0,1.07,801,801,7,8546,0,9.053219
76.4,0.44,1794,2347,8,4230,1,8.349957
100.0,0.35,202,202,6,267,1,5.587249
92.7,0.32,127,137,7,162,0,5.087596
56.7,0.29,161,284,8,1588,0,7.370231
100.0,1.99,208,208,6,208,1,5.337538
78.7,0.13,207,263,7,359,1,5.883322
74.1,0.43,235,317,6,949,1,6.855409
45.5,0.07,276,606,7,710,1,6.565265
87.4,0.33,188,215,8,1162,1,7.057898
100.0,0.94,156,156,7,1249,1,7.130098
86.4,0.37,10149,11753,5,15602,0,9.655154
64.6,0.37,148,229,13,4228,1,8.349484
93.0,1.0,251,270,10,996,1,6.903747
89.5,0.53,213,238,15,377,1,5.932245
100.0,1.6,580,580,33,889,1,6.790097
100.0,2.4,154,154,40,199,1,5.293305
100.0,0.76,416,416,24,435,1,6.075346
68.6,0.45,177,258,18,301,0,5.70711
63.3,0.28,927,1465,8,2468,0,7.811163
100.0,0.7,1147,1147,25,2174,1,7.684324
89.6,0.38,7843,8756,19,19871,0,9.897017
88.8,0.4,4402,4956,10,19871,0,9.897017
58.6,0.18,184,314,7,644,0,6.467699
100.0,1.07,356,356,6,593,1,6.385194
100.0,0.2,3701,3701,33,6769,0,8.820108
100.0,0.62,241,241,7,373,1,5.921578
56.2,0.18,406,723,6,1035,0,6.942157
100.0,0.85,122,122,35,196,1,5.278115
61.8,0.45,792,1281,6,1843,0,7.51915
75.7,0.3,184,243,7,271,0,5.602119
100.0,0.39,104,104,27,207,1,5.332719
100.0,0.47,2014,2014,8,3511,0,8.163656
100.0,0.11,114,114,7,134,1,4.89784
100.0,0.83,206,206,31,290,1,5.669881
61.2,0.74,8322,13591,7,17986,0,9.797349
100.0,1.15,411,411,26,690,1,6.536692
100.0,0.6,556,556,16,891,0,6.792345
100.0,0.18,125,125,5,204,0,5.31812
68.0,0.25,385,566,5,879,0,6.778785
79.8,0.36,285,357,6,639,0,6.459905
59.4,0.3,368,620,5,903,0,6.805723
100.0,1.41,149,149,8,250,1,5.521461
61.6,0.2,178,289,8,599,0,6.395262
81.0,0.78,328,405,20,609,0,6.411819
33.5,0.46,85,254,9,425,1,6.052089
65.1,0.11,10327,15857,8,41926,0,10.64366
100.0,1.08,277,277,26,465,1,6.142037
83.7,0.31,1626,1943,24,2364,0,7.76811
89.8,0.17,115,128,7,225,0,5.416101
100.0,0.38,174,174,7,545,1,6.300786
75.8,0.26,424,559,7,780,0,6.659294
66.6,0.15,702,1054,9,1145,0,7.04316
85.1,0.1,549,645,29,1053,1,6.959399
100.0,0.53,231,231,5,278,0,5.627621
100.0,0.82,148,148,5,189,1,5.241747
90.5,0.44,344,380,19,479,1,6.1717
100.0,0.99,76,76,7,4198,1,8.342363
67.6,0.77,583,863,8,978,0,6.885509
100.0,4.06,343,343,7,3290,1,8.098643
75.0,0.2,645,860,11,1015,0,6.922644
100.0,0.74,250,250,25,441,1,6.089045
89.9,0.39,116,129,7,177,0,5.17615
100.0,0.43,596,596,11,781,1,6.660575
100.0,0.13,412,412,8,412,0,6.021023
100.0,0.21,235,235,20,768,0,6.64379
66.9,0.68,113,169,5,176,1,5.170484
89.3,0.53,536,600,18,790,1,6.672033
100.0,1.9,126,126,15,750,1,6.620073
81.5,0.84,4432,5440,8,10683,0,9.276409
80.9,0.42,5138,6353,13,7428,0,8.913012
87.6,0.63,99,113,20,154,1,5.036952
77.0,0.55,151,196,12,221,0,5.398163
99.5,0.96,219,220,7,256,1,5.545177
97.7,0.52,213,218,6,250,1,5.521461
100.0,4.31,292,292,23,429,0,6.061457
100.0,1.27,165,165,5,214,1,5.365976
58.8,0.32,1096,1864,9,8470,0,9.044286
100.0,0.56,293,293,6,412,1,6.021023
100.0,0.29,65,65,20,118,1,4.770685
93.1,0.57,511,549,9,584,1,6.369901
100.0,1.27,165,165,13,207,1,5.332719
100.0,0.35,175,175,19,207,1,5.332719
100.0,0.38,146,146,5,192,1,5.257495
100.0,0.66,121,121,19,207,0,5.332719
56.4,0.2,472,837,12,1522,1,7.327781
87.3,0.28,1832,2098,10,3450,1,8.14613
100.0,0.67,249,249,16,764,1,6.638568
22.1,0.11,166,752,7,3537,1,8.171034
48.6,0.19,402,828,5,1200,0,7.090077
100.0,0.5,166,166,7,247,1,5.509388
65.1,0.63,3205,4926,10,31859,0,10.36907
100.0,0.47,534,534,7,860,1,6.756932
83.4,0.44,2495,2991,32,5277,0,8.571113
100.0,0.78,152,152,11,389,1,5.963579
100.0,0.47,198,198,8,308,1,5.7301
55.7,0.2,141,253,6,307,0,5.726848
100.0,0.43,215,215,8,600,1,6.39693
100.0,1.8,139,139,12,204,1,5.31812
100.0,1.24,360,360,8,783,1,6.663133
100.0,3.16,247,247,11,268,1,5.590987
55.1,0.21,102,185,7,237,1,5.46806
100.0,1.25,99,99,9,151,0,5.01728
71.4,0.62,267,374,5,416,1,6.030685
78.3,0.5,382,488,7,654,1,6.483108
100.0,0.51,574,574,13,831,1,6.72263
100.0,0.77,306,306,11,545,1,6.300786
100.0,0.4,3030,3030,6,4075,0,8.312626
99.1,0.28,111,112,11,144,1,4.969813
100.0,1.02,560,560,8,2409,0,7.786967
78.5,0.34,197,251,9,264,1,5.575949
64.9,0.47,181,279,5,309,1,5.733341
77.5,0.6,110,142,7,190,1,5.247024
58.6,0.37,140,239,7,695,0,6.543912
100.0,0.19,142,142,5,171,1,5.141664
80.0,0.2,557,696,6,889,0,6.790097
100.0,0.47,409,409,6,796,1,6.679599
100.0,0.69,161,161,5,323,1,5.777652
100.0,1.23,265,265,6,265,1,5.57973
42.1,0.19,1217,2892,6,5036,0,8.524367
100.0,2.89,247,247,8,333,1,5.808143
73.4,0.4,91,124,5,173,1,5.153292
77.5,0.1,179,231,5,409,1,6.013715
100.0,0.55,852,852,5,852,1,6.747587
59.1,0.42,272,460,8,1521,1,7.327123
75.3,0.47,440,584,6,753,1,6.624065
92.2,0.62,379,411,17,468,1,6.148468
82.6,0.64,176,213,30,254,0,5.537334
89.8,0.23,132,147,24,540,0,6.291569
95.3,0.41,123,129,5,491,0,6.196444
47.3,0.42,156,330,7,384,0,5.950643
78.6,0.2,971,1236,5,4195,0,8.341649
75.5,0.24,880,1165,20,1306,0,7.174724
100.0,0.82,470,470,16,569,0,6.343881
90.7,0.4,165,182,10,268,0,5.590987
97.2,0.24,106,109,10,124,0,4.820282
60.6,0.19,197,325,6,975,1,6.882438
87.1,0.23,546,627,6,694,0,6.542472
100.0,0.96,93,93,15,104,1,4.644391
79.0,0.16,454,575,8,880,0,6.779922
100.0,1.7,257,257,7,307,1,5.726848
100.0,0.7,213,213,7,720,1,6.579251
100.0,0.67,104,104,7,116,1,4.75359
48.6,0.47,134,276,6,287,1,5.659482
100.0,1.34,115,115,23,194,1,5.267858
100.0,1.02,123,123,15,244,1,5.497168
92.7,0.22,102,110,9,174,1,5.159055
100.0,2.6,132,132,20,205,1,5.32301
100.0,0.17,163,163,23,394,0,5.976351
100.0,1.32,119,119,8,244,1,5.497168
68.7,0.07,572,833,22,833,0,6.725034
100.0,1.33,156,156,23,227,0,5.42495
100.0,1.44,97,97,16,306,1,5.723585
100.0,1.23,2097,2097,10,2868,0,7.96137
100.0,2.34,138,138,5,237,1,5.46806
100.0,2.62,51200,51200,17,51200,1,10.84349
100.0,0.39,136,136,14,334,1,5.811141
100.0,1.43,210,210,8,256,1,5.545177
100.0,0.05,234,234,17,1107,1,7.009409
100.0,4.64,114,114,6,185,1,5.220356
100.0,0.26,161,161,6,737,0,6.602588
100.0,2.51,244,244,5,244,1,5.497168
100.0,0.64,355,355,5,440,0,6.086775
100.0,0.88,403,403,5,437,0,6.079933
100.0,1.3,203,203,8,253,1,5.53339
100.0,0.59,159,159,5,183,1,5.209486
94.5,0.29,596,631,7,631,0,6.447306
100.0,0.52,257,257,7,259,1,5.556828
100.0,0.17,2972,2972,6,4197,0,8.342125
100.0,0.47,389,389,5,531,1,6.274762
78.0,0.56,568,728,12,3924,0,8.274867
88.5,0.43,1899,2146,6,2153,0,7.674617
100.0,0.15,261,261,7,739,0,6.605298
99.9,0.36,847,848,8,976,1,6.883462
100.0,0.37,637,637,22,751,0,6.621406
100.0,0.2,100,100,5,147,1,4.990433
75.7,0.22,2572,3399,9,14204,0,9.561279
100.0,1.66,224,224,21,332,0,5.805135
66.6,0.37,251,377,7,1524,0,7.329094
75.9,0.42,472,622,7,812,0,6.699501
93.8,0.2,105,112,6,142,0,4.955827
86.6,0.11,596,688,10,919,0,6.823286
100.0,1.07,103,103,9,106,1,4.663439
100.0,0.37,437,437,7,446,0,6.100319
100.0,0.73,616,616,7,639,1,6.459905
64.9,0.42,96,148,20,225,1,5.416101
100.0,2.53,134,134,9,191,1,5.252274
100.0,0.3,2851,2851,7,4044,0,8.30499
100.0,0.39,381,381,7,561,0,6.329721
75.3,0.43,290,385,24,1108,0,7.010312
96.8,0.18,274,283,8,315,0,5.752573
100.0,0.29,433,433,9,471,0,6.154858
49.6,1.45,137,276,11,328,0,5.793014
42.4,0.64,772,1821,8,2048,0,7.624619
100.0,0.25,182,182,21,635,1,6.453625
100.0,0.63,214,214,20,268,0,5.590987
100.0,0.32,249,249,7,308,1,5.7301
83.7,0.15,431,515,15,600,0,6.39693
83.5,0.67,71,85,6,101,1,4.61512
85.1,0.23,131,154,4,285,1,5.652489
80.6,0.42,1409,1748,14,3138,0,8.051341
100.0,0.03,255,255,25,266,0,5.583496
100.0,0.87,126,126,7,233,1,5.451038
77.4,0.22,702,907,6,1334,0,7.195937
82.5,3.99,2492,3022,9,3904,0,8.269757
100.0,1.11,4252,4252,33,4483,0,8.408048
100.0,0.09,483,483,9,546,1,6.302619
48.8,0.23,690,1413,5,4100,1,8.318742
100.0,0.08,105,105,5,156,1,5.049856
73.5,0.31,186,253,13,260,0,5.560682
100.0,0.68,1051,1051,5,1094,0,6.997596
82.0,0.41,937,1142,28,6179,0,8.728911
100.0,0.8,547,547,20,869,1,6.767343
77.2,0.74,982,1272,10,1719,0,7.449498
100.0,1.42,104,104,8,141,1,4.94876
90.7,0.36,411,453,5,1380,1,7.229839
100.0,0.89,1275,1275,8,2473,1,7.813187
83.6,0.21,138,165,7,1990,1,7.59589
100.0,1.09,252,252,7,254,0,5.537334
46.9,0.25,345,736,7,1131,1,7.030858
91.2,0.67,198,217,9,313,0,5.746203
76.5,0.47,297,388,5,703,0,6.555357
72.3,0.46,427,591,8,663,1,6.496775
96.5,0.72,245,254,9,348,1,5.852202
82.2,0.27,245,298,7,469,1,6.150603
100.0,0.44,87,87,16,117,0,4.762174
100.0,1.58,123,123,10,123,1,4.812184
100.0,0.33,109,109,7,161,1,5.081404
100.0,0.92,108,108,7,278,1,5.627621
100.0,0.71,174,174,7,241,1,5.484797
100.0,0.55,460,460,5,705,1,6.558198
100.0,2.18,826,826,7,2262,1,7.724005
100.0,0.37,246,246,6,309,0,5.733341
89.4,1.4,152,170,6,181,1,5.198497
100.0,1.48,129,129,7,795,1,6.678342
96.0,2.0,753,784,16,1003,0,6.910751
100.0,0.82,380,380,6,1929,0,7.564757
100.0,3.81,1989,1989,6,3924,0,8.274867
100.0,0.42,155,155,8,210,1,5.347107
100.0,0.53,93,93,9,262,1,5.568345
100.0,1.07,892,892,16,1334,1,7.195937
100.0,0.97,884,884,39,1191,0,7.082549
97.4,0.5,518,532,35,1922,0,7.561121
100.0,0.49,1320,1320,7,1888,0,7.543273
93.7,0.36,699,746,7,1011,0,6.918695
74.0,0.24,1232,1664,6,3733,1,8.224967
91.6,0.75,536,585,5,894,0,6.795706
100.0,0.25,262,262,6,305,0,5.720312
98.6,0.37,207,210,21,312,1,5.743003
77.9,0.37,1170,1501,6,1782,0,7.485492
92.3,0.73,322,349,37,492,1,6.198479
100.0,0.41,634,634,7,2839,0,7.951207
100.0,2.0,188,188,29,283,1,5.645447
100.0,0.39,178,178,36,178,1,5.181784
91.7,0.11,210,229,29,783,1,6.663133
99.8,1.54,475,476,16,681,1,6.523562
98.7,1.23,155,157,16,231,1,5.442418
100.0,1.46,971,971,8,12210,1,9.41001
59.8,0.26,974,1629,9,1826,1,7.509883
100.0,0.89,908,908,14,995,0,6.902743
21.0,0.17,2577,12291,24,20928,0,9.948843
100.0,0.22,251,251,22,363,1,5.894403
100.0,0.12,131,131,9,922,1,6.826545
78.0,0.17,213,273,5,287,1,5.659482
72.0,0.22,683,949,7,2977,0,7.998672
100.0,0.24,114,114,6,247,1,5.509388
90.8,1.27,128,141,6,141,1,4.94876
100.0,1.03,102,102,9,119,1,4.779123
100.0,3.45,212,212,6,232,1,5.446737
100.0,1.99,190,190,8,211,1,5.351858
73.7,0.35,168,228,7,349,1,5.855072
100.0,1.68,555,555,18,2691,1,7.897668
100.0,0.14,1655,1655,6,2555,0,7.845808
100.0,0.33,148,148,5,233,1,5.451038
100.0,0.1,105,105,7,105,1,4.65396
76.3,0.3,161,211,8,856,0,6.75227
54.1,0.22,482,891,6,3277,0,8.094684
76.5,0.25,127,166,5,225,0,5.416101
95.2,0.52,99,104,6,317,1,5.758902
92.0,0.06,613,666,15,1368,0,7.221105
100.0,0.51,284,284,6,340,0,5.828946
100.0,0.87,183,183,9,221,1,5.398163
74.4,0.18,232,312,7,925,0,6.829794
48.9,0.01,116,237,7,2114,1,7.656337
100.0,1.7,231,231,8,231,1,5.442418
100.0,1.87,333,333,6,1687,1,7.430707
100.0,0.53,201,201,7,607,1,6.408529
32.5,0.23,50,154,6,173,1,5.153292
59.2,0.2,177,299,34,404,0,6.001415
100.0,0.51,340,340,27,399,0,5.988961
100.0,2.45,143,143,23,207,0,5.332719
74.5,1.65,602,808,8,1116,0,7.017506
100.0,0.33,2325,2325,21,5158,1,8.548305
87.8,0.46,201,229,8,511,0,6.23637
73.7,0.66,435,590,10,831,0,6.72263
87.1,0.56,1169,1342,10,1706,0,7.441907
75.2,0.3,465,618,19,673,0,6.511745
99.0,0.62,104,105,10,117,1,4.762174
100.0,0.39,213,213,14,848,0,6.742881
89.8,0.43,202,225,6,570,1,6.345636
81.0,0.36,383,473,22,623,1,6.434546
63.7,0.4,135,212,5,274,1,5.613128
100.0,1.15,1691,1691,7,2465,0,7.809947
100.0,0.28,651,651,21,741,1,6.608001
100.0,1.1,238,238,17,266,1,5.583496
100.0,0.1,384,384,7,798,0,6.682108
100.0,0.21,232,232,7,396,0,5.981414
100.0,1.41,317,317,15,1331,1,7.193686
100.0,0.98,327,327,7,640,1,6.461468
100.0,0.43,250,250,5,533,1,6.278522
95.9,0.72,844,880,8,1040,1,6.946976
100.0,0.53,172,172,8,233,0,5.451038
80.7,0.69,384,476,6,626,1,6.439351
96.3,0.22,363,377,5,658,1,6.489205
95.7,1.76,179,187,6,1241,0,7.123673
100.0,1.26,108,108,9,185,1,5.220356
83.9,0.34,302,360,8,731,0,6.594413
100.0,0.28,558,558,6,1939,1,7.569928
61.2,0.39,161,263,7,364,0,5.897154
100.0,0.21,252,252,5,278,0,5.627621
98.1,1.35,259,264,9,316,0,5.755742
75.3,0.62,731,971,11,1142,0,7.040536
100.0,4.36,109,109,29,139,1,4.934474
99.1,0.48,108,109,10,117,1,4.762174
38.7,0.52,118,305,7,341,1,5.831882
84.5,0.81,163,193,14,323,1,5.777652
74.0,0.22,344,465,7,913,0,6.816736
100.0,0.04,125,125,8,185,1,5.220356
100.0,0.03,220,220,6,412,0,6.021023
96.1,0.67,442,460,24,1175,1,7.069024
100.0,2.11,1960,1960,12,5155,1,8.547723
92.3,0.44,192,208,7,223,0,5.407172
100.0,1.0,11008,11008,27,31886,0,10.36992
94.4,0.69,168,178,10,364,1,5.897154
39.4,0.27,263,667,5,944,0,6.850126
96.2,0.32,254,264,7,1697,0,7.436617
100.0,0.19,552,552,16,999,0,6.906755
73.9,0.6,266,360,16,516,1,6.246107
89.0,0.46,938,1054,36,1064,0,6.96979
100.0,0.47,1174,1174,6,1380,0,7.229839
99.9,0.83,3655,3659,15,3725,0,8.222822
59.1,1.12,198,335,36,411,0,6.018593
68.5,0.45,304,444,6,505,0,6.224558
89.9,0.47,402,447,6,561,0,6.329721
88.0,0.18,191,217,7,302,1,5.710427
92.9,0.77,105,113,11,180,1,5.192957
100.0,0.79,3333,3333,7,5062,0,8.529517
100.0,0.12,269,269,8,340,1,5.828946
85.1,0.42,114,134,7,144,0,4.969813
100.0,1.87,938,938,7,1652,0,7.409742
100.0,0.41,198,198,5,244,0,5.497168
100.0,0.73,3941,3941,24,5349,1,8.584665
59.0,0.87,1136,1926,35,3566,0,8.1792
97.8,0.58,616,630,15,630,0,6.44572
78.8,0.82,215,273,5,358,0,5.880533
65.5,0.41,116,177,7,191,0,5.252274
92.9,0.83,117,126,13,208,1,5.337538
85.6,0.16,255,298,7,63681,1,11.06164
66.6,0.49,613,920,6,4628,1,8.43988
83.7,0.3,642,767,26,2617,0,7.869784
87.4,0.45,118,135,7,212,0,5.356586
100.0,0.06,667,667,7,737,0,6.602588
100.0,0.97,110,110,19,111,1,4.70953
85.5,0.67,2294,2683,10,2683,0,7.894691
39.6,0.26,593,1498,6,1580,0,7.36518
66.6,0.69,383,575,16,626,1,6.439351
64.6,0.15,73,113,5,201,1,5.303305
98.9,0.48,1397,1413,11,1877,1,7.53743
100.0,1.54,597,597,20,642,0,6.464588
100.0,0.4,198,198,19,279,0,5.631212
92.5,0.23,2091,2261,6,2442,0,7.800573
95.6,0.57,2177,2278,7,2309,0,7.74457
100.0,0.81,99,99,5,100,1,4.60517
97.7,0.63,171,175,8,232,1,5.446737
88.1,2.0,297,337,7,395,0,5.978886
100.0,0.16,100,100,19,121,1,4.795791
100.0,1.21,300,300,7,5928,1,8.687442
74.6,0.39,209,280,22,294,0,5.68358
76.5,0.8,1823,2383,6,3374,0,8.123855
99.0,1.48,197,199,5,219,1,5.389072
100.0,0.58,4066,4066,7,5800,0,8.665613
72.8,0.52,209,287,13,291,1,5.673323
93.0,0.49,239,257,19,257,1,5.549076
100.0,0.93,96,96,8,121,1,4.795791
100.0,0.43,686,686,7,821,0,6.710523
100.0,0.55,12060,12060,48,43436,0,10.67904
85.7,0.14,240,280,16,511,1,6.23637
100.0,0.5,6524,6524,16,7373,0,8.90558
100.0,0.91,239,239,6,428,1,6.059123
73.2,0.9,235,321,9,321,0,5.771441
97.8,0.48,3649,3731,10,3742,0,8.227375
87.7,0.73,1808,2061,36,2136,0,7.66669
43.1,0.42,889,2061,8,2136,0,7.66669
100.0,0.41,381,381,16,403,0,5.998937
81.1,2.21,13635,16812,39,21524,0,9.976924
85.5,0.44,189,221,8,714,1,6.570883
72.9,0.22,164,225,14,225,0,5.416101
91.0,0.12,352,387,7,599,0,6.395262
100.0,0.16,106,106,18,156,1,5.049856
94.0,1.0,249,265,31,359,1,5.883322
100.0,1.77,366,366,8,427,1,6.056784
77.3,0.75,2171,2807,25,3929,0,8.27614
78.5,0.61,175,223,7,3929,0,8.27614
56.3,0.31,426,756,16,834,1,6.726233
89.7,0.68,87,97,24,115,0,4.744932
92.2,0.31,341,370,31,419,1,6.037871
100.0,0.39,535,535,12,1649,0,7.407924
100.0,0.46,642,642,8,1521,0,7.327123
70.7,0.57,289,409,8,737,0,6.602588
100.0,0.04,178,178,33,199,1,5.293305
65.0,0.55,748,1150,18,1198,0,7.088409
75.7,0.33,1212,1601,5,1765,0,7.475906
100.0,0.03,6925,6925,8,8291,0,9.022926
71.7,0.96,104,145,7,291,1,5.673323
91.6,2.09,120,131,5,195,1,5.273
100.0,0.34,236,236,11,258,0,5.552959
57.8,0.04,63,109,8,355,1,5.872118
84.2,0.22,218,259,19,2843,1,7.952615
94.2,1.03,114,121,7,141,1,4.94876
95.0,0.66,1088,1145,25,1352,0,7.20934
100.0,2.79,134,134,23,147,1,4.990433
19.3,0.54,51,264,25,290,0,5.669881
86.1,0.6,118,137,20,160,0,5.075174
82.0,0.17,273,333,7,456,0,6.122493
68.8,0.57,106,154,6,252,0,5.529429
83.2,0.17,129,155,7,199,1,5.293305
85.2,0.88,167,196,13,271,1,5.602119
100.0,0.83,1152,1152,7,5064,0,8.529912
100.0,0.44,143,143,12,184,0,5.214936
77.2,0.57,700,907,7,1324,1,7.188413
77.3,0.92,279,361,8,441,0,6.089045
100.0,1.37,125,125,13,259,1,5.556828
95.0,0.75,680,716,7,716,0,6.57368
99.6,0.4,222,223,9,553,1,6.315358
74.7,0.78,148,198,7,249,1,5.517453
75.9,0.97,82,108,12,146,0,4.983607
81.3,0.38,61,75,5,219,1,5.389072
91.4,1.12,1564,1711,5,3480,0,8.154788
100.0,0.04,281,281,9,369,0,5.910797
70.6,0.17,89,126,6,202,1,5.308268
100.0,0.39,376,376,7,1100,1,7.003066
80.9,0.15,933,1153,8,1337,0,7.198184
88.8,0.65,1154,1300,8,1792,0,7.491087
100.0,0.79,285,285,7,372,1,5.918894
100.0,0.06,208,208,7,250,1,5.521461
100.0,1.69,2074,2074,13,2358,0,7.765569
47.7,0.32,145,304,5,305,0,5.720312
100.0,1.65,768,768,10,1177,0,7.070724
60.1,0.09,196,326,7,369,0,5.910797
67.3,0.69,230,342,24,410,1,6.016157
100.0,0.03,15107,15107,33,43436,1,10.67904
100.0,0.36,1544,1544,18,5356,0,8.585973
82.5,0.23,680,824,8,5356,0,8.585973
100.0,3.39,171,171,14,187,1,5.231109
87.2,0.44,3994,4578,35,4886,0,8.494129
80.1,0.42,1069,1335,33,1997,0,7.599401
95.0,0.37,113,119,31,145,0,4.976734
100.0,0.67,518,518,6,628,0,6.44254
100.0,0.84,216,216,13,217,0,5.379897
91.6,0.48,163,178,7,197,1,5.283204
85.8,0.19,512,597,48,872,0,6.77079
97.8,0.64,394,403,14,435,0,6.075346
93.4,0.28,1556,1666,17,5105,0,8.537975
75.3,0.44,694,922,6,1218,0,7.104965
79.7,3.05,656,823,37,2102,0,7.650645
100.0,2.79,277,277,37,331,0,5.802118
100.0,0.3,875,875,6,2986,0,8.00169
82.1,0.36,193,235,14,258,1,5.552959
86.7,0.69,8252,9517,24,9556,0,9.164925
84.3,1.12,118,140,30,200,1,5.298317
73.5,0.59,202,275,5,302,1,5.710427
82.8,0.1,425,513,28,693,0,6.54103
100.0,2.44,304,304,24,514,0,6.242223
80.5,0.56,1439,1788,20,2036,0,7.618742
65.1,0.17,861,1322,17,2380,0,7.774856
95.7,0.08,134,140,15,161,0,5.081404
99.2,0.02,122,123,36,301,1,5.70711
100.0,0.87,105,105,35,120,1,4.787492
88.3,0.53,203,230,10,286,0,5.655992
100.0,2.49,119,119,12,291,1,5.673323
100.0,2.52,396,396,13,429,0,6.061457
100.0,0.46,248,248,6,350,0,5.857933
92.6,1.9,729,787,8,1028,0,6.93537
57.6,0.37,345,599,8,1178,0,7.071573
77.3,0.32,75,97,25,162,0,5.087596
78.0,0.33,78,100,25,165,0,5.105946
94.4,0.82,1832,1941,29,2016,0,7.608871
100.0,0.78,153,153,8,309,1,5.733341
69.2,0.37,229,331,5,401,0,5.993961
100.0,1.9,499,499,11,43436,1,10.67904
94.8,0.08,184,194,32,221,1,5.398163
100.0,0.44,14869,14869,26,19591,0,9.882826
100.0,0.1,2242,2242,23,7196,0,8.881281
79.7,0.13,165,207,27,236,0,5.463832
83.6,0.57,17794,21283,10,32179,0,10.37907
100.0,0.44,178,178,10,310,0,5.736572
100.0,1.26,252,252,5,276,1,5.620401
100.0,0.96,105,105,20,154,1,5.036952
93.9,1.59,2001,2131,20,3287,1,8.097731
100.0,0.36,126,126,16,249,1,5.517453
80.9,0.9,621,768,8,1591,0,7.372118
81.8,0.12,4934,6035,7,14694,1,9.595195
100.0,1.05,375,375,8,655,1,6.484635
88.1,0.69,207,235,23,295,0,5.686975
100.0,0.76,96,96,15,100,1,4.60517
75.2,0.4,121,161,8,1301,0,7.170888
82.5,1.0,3396,4115,6,6115,0,8.7185
99.8,2.53,449,450,11,662,1,6.495265
98.8,0.41,160,162,23,167,0,5.117994
48.9,0.12,200,409,10,2581,1,7.855932
89.4,0.76,101,113,14,113,0,4.727388
100.0,0.3,135,135,34,237,1,5.46806
100.0,0.71,122,122,18,149,1,5.003946
100.0,0.22,5899,5899,12,18200,0,9.809176
67.1,0.2,2075,3093,6,9574,0,9.166806
81.8,0.31,2018,2466,8,2776,0,7.928766
75.4,0.8,184,244,8,1220,0,7.106606
59.6,0.16,895,1501,13,1770,0,7.478735
100.0,0.44,889,889,8,2068,0,7.634337
86.1,0.97,6824,7925,29,19754,0,9.891111
54.2,0.43,846,1561,35,2208,0,7.699842
56.3,0.43,672,1193,7,2743,0,7.916808
94.8,0.27,128,135,11,136,0,4.912655
94.0,0.78,708,753,5,876,1,6.775366
96.3,0.26,211,219,17,365,0,5.899898
73.6,0.48,78,106,8,245,0,5.501258
29.0,0.25,152,524,8,633,0,6.45047
100.0,1.34,257,257,7,291,1,5.673323
95.7,0.76,4412,4608,31,40378,0,10.60604
73.5,0.09,164,223,5,290,1,5.669881
96.5,1.45,414,429,18,718,0,6.576469
94.6,0.54,194,205,16,718,0,6.576469
85.6,2.93,740,864,15,3285,1,8.097122
100.0,1.26,154,154,7,230,1,5.438079
69.4,0.42,468,674,39,1136,1,7.035269
97.0,0.77,289,298,14,413,1,6.023448
93.5,0.7,1990,2128,18,2380,0,7.774856
88.2,0.49,9596,10885,19,11666,0,9.364434
100.0,0.14,469,469,14,800,0,6.684612
63.0,0.49,269,427,5,427,0,6.056784
54.9,0.02,374,681,9,681,1,6.523562
100.0,0.45,230,230,7,923,0,6.827629
89.8,1.01,469,522,18,781,1,6.660575
100.0,1.16,83,83,10,88,1,4.477337
73.8,0.21,149,202,12,310,1,5.736572
93.8,0.74,767,818,8,1342,1,7.201916
100.0,1.11,274,274,6,551,0,6.311735
72.0,0.3,201,279,7,628,1,6.44254
92.0,0.72,3431,3728,29,3806,0,8.244334
100.0,0.13,2345,2345,27,4467,1,8.404472
100.0,0.25,103,103,7,103,1,4.634729
100.0,2.17,357,357,7,480,1,6.173786
75.3,0.45,320,425,7,466,0,6.144186
76.4,0.1,146,191,4,409,1,6.013715
79.7,0.11,1567,1967,5,3780,0,8.237479
85.1,0.66,5303,6233,24,7473,0,8.919052
92.1,0.51,2358,2561,14,3806,0,8.244334
100.0,1.08,233,233,7,306,1,5.723585
99.6,0.56,946,950,35,1032,0,6.939254
57.8,0.35,2382,4123,5,6875,0,8.835647
100.0,3.67,51567,51567,19,77984,0,11.26426
100.0,0.37,4144,4144,39,5108,1,8.538563
100.0,0.97,1511,1511,8,2168,1,7.681561
56.2,0.14,599,1065,22,1065,0,6.97073
98.6,0.1,1922,1950,7,2137,0,7.667158
100.0,1.85,7665,7665,41,9761,0,9.186151
100.0,0.18,254,254,13,292,1,5.676754
100.0,0.67,149,149,10,176,0,5.170484
100.0,0.67,109,109,33,511,0,6.23637
100.0,1.87,274,274,16,325,1,5.783825
85.7,0.19,873,1019,5,1362,0,7.21671
93.5,0.94,116,124,6,124,0,4.820282
100.0,0.2,123,123,20,131,1,4.875197
100.0,2.28,1173,1173,38,1474,1,7.295735
79.8,0.39,75,94,37,94,0,4.543295
100.0,0.67,107,107,24,107,1,4.672829
57.6,0.07,182,316,9,824,0,6.71417
86.9,0.51,226,260,31,260,1,5.560682
86.0,0.17,4534,5273,32,6093,0,8.714896
100.0,0.96,178,178,9,254,1,5.537334
97.7,0.01,212,217,8,463,0,6.137727
96.8,0.37,1431,1479,9,1479,0,7.299121
99.1,3.73,218,220,7,291,0,5.673323
52.3,0.47,114,218,6,305,0,5.720312
63.0,0.11,384,610,7,3894,1,8.267192
74.3,0.36,575,774,5,1651,0,7.409136
90.8,0.53,1881,2072,15,2072,0,7.63627
87.4,1.62,139,159,6,193,0,5.26269
62.7,0.62,937,1495,8,2614,0,7.868637
50.2,0.77,6218,12391,10,34854,0,10.45892
58.2,0.2,301,517,11,868,0,6.766191
100.0,1.44,394,394,16,940,1,6.84588
49.6,0.03,282,568,7,6610,0,8.796339
73.5,0.59,25007,34004,43,65471,0,11.08936
100.0,1.03,1610,1610,30,3680,1,8.210668
100.0,0.21,134,134,6,160,1,5.075174
100.0,4.37,1250,1250,27,1250,0,7.130899
100.0,0.71,549,549,39,639,1,6.459905
100.0,0.6,14087,14087,19,15464,0,9.64627
100.0,0.03,122,122,10,196,1,5.278115
85.7,0.92,132,154,22,232,0,5.446737
100.0,0.32,312,312,9,365,1,5.899898
95.1,0.2,195,205,13,230,1,5.438079
67.3,0.51,111,165,15,165,0,5.105946
100.0,0.33,146,146,15,171,1,5.141664
100.0,2.11,529,529,19,962,1,6.869014
100.0,3.52,1024,1024,8,2439,1,7.799344
75.9,0.11,630,830,7,1010,1,6.917706
100.0,0.28,6937,6937,31,15663,0,9.659057
70.9,0.23,3586,5057,42,15245,0,9.632007
100.0,0.65,973,973,7,991,1,6.898715
100.0,4.0,147,147,8,430,0,6.063785
100.0,0.27,357,357,19,749,1,6.618739
100.0,0.86,63,63,17,93,0,4.532599
100.0,0.38,146,146,17,147,1,4.990433
57.7,0.33,150,260,7,344,1,5.840641
86.3,0.58,3022,3500,8,11628,0,9.361172
88.8,0.54,213,240,15,240,0,5.480639
64.4,0.42,65,101,15,101,0,4.61512
86.3,0.33,5444,6306,8,10506,0,9.259702
70.0,0.11,175,250,6,465,0,6.142037
94.2,0.85,97,103,5,115,0,4.744932
100.0,0.47,190,190,20,197,1,5.283204
100.0,1.68,129,129,10,185,1,5.220356
74.3,0.09,202,272,5,352,0,5.863631
85.8,3.5,133,155,17,390,0,5.966147
79.3,0.24,562,709,8,813,1,6.700731
66.2,0.7,1017,1536,13,4343,1,8.376321
41.5,0.16,90,217,8,243,1,5.493062
100.0,0.49,131,131,11,153,1,5.030438
67.3,0.74,222,330,13,423,1,6.047372
57.0,0.56,1415,2484,5,2484,0,7.817626
57.0,0.56,1415,2484,5,2484,0,7.817626
85.8,0.76,163,190,11,193,1,5.26269
51.0,0.57,985,1932,6,6631,1,8.799511
95.7,0.34,379,396,19,2176,0,7.685244
86.8,0.64,770,887,8,944,0,6.850126
98.1,0.83,155,158,8,341,1,5.831882
100.0,0.35,229,229,12,439,0,6.084499
100.0,0.4,700,700,20,2872,1,7.962764
30.5,0.25,53,174,7,518,1,6.249975
75.1,0.88,997,1327,5,1930,0,7.565275
100.0,0.55,101,101,6,105,1,4.65396
95.0,0.75,190,200,15,200,0,5.298317
89.8,0.49,272,303,15,303,0,5.713733
93.9,0.53,1038,1106,17,1160,0,7.056175
61.1,0.35,88,144,7,144,1,4.969813
100.0,0.61,786,786,22,1016,1,6.923629
85.3,0.42,475,557,6,2145,0,7.670895
95.7,0.61,199,208,7,234,1,5.455321
100.0,0.81,250,250,5,483,1,6.180017
100.0,0.36,1543,1543,35,3867,1,8.260234
93.7,0.51,59,63,7,78,1,4.356709
82.2,0.72,822,1000,8,1231,0,7.115582
90.5,0.37,152,168,5,368,1,5.908083
100.0,0.24,58,58,8,58,1,4.060443
100.0,3.21,196,196,19,393,1,5.97381
75.1,0.69,1429,1904,7,3245,1,8.08487
96.1,0.93,1401,1458,7,1806,0,7.49887
63.0,0.44,648,1029,26,1616,1,7.387709
44.7,0.16,123,275,16,942,1,6.848005
83.5,0.68,1378,1651,8,1671,0,7.421177
100.0,0.12,404,404,7,664,0,6.498282
100.0,0.31,205,205,7,232,1,5.446737
58.3,0.31,401,688,7,3357,0,8.118803
75.4,0.06,150,199,9,377,1,5.932245
100.0,0.44,153,153,6,231,1,5.442418
90.2,0.62,184,204,7,495,0,6.204558
96.1,0.66,1091,1135,5,1746,1,7.465083
25.1,0.63,104,414,6,630,1,6.44572
80.4,0.6,501,623,25,2066,0,7.633369
100.0,0.09,155,155,8,251,0,5.525453
95.3,0.35,81,85,12,296,0,5.69036
100.0,1.11,941,941,5,2051,1,7.626083
100.0,4.38,1050,1050,5,1601,1,7.378384
60.4,0.41,162,268,6,968,1,6.875232
84.7,0.37,133,157,9,187,0,5.231109
78.2,1.2,1016,1299,6,2812,1,7.941651
100.0,0.19,1614,1614,19,2419,1,7.79111
100.0,0.14,527,527,16,883,0,6.783325
100.0,0.19,596,596,6,859,0,6.755769
100.0,0.81,215,215,20,215,0,5.370638
100.0,1.66,794,794,5,794,0,6.677083
84.5,0.36,142,168,6,3762,0,8.232706
60.8,0.38,234,385,6,3762,0,8.232706
82.1,0.52,366,446,9,564,0,6.335054
98.8,0.5,158,160,7,290,1,5.669881
84.6,0.44,154,182,6,3762,0,8.232706
100.0,3.08,321,321,5,321,1,5.771441
100.0,0.38,385,385,5,385,1,5.953243
79.3,0.36,5390,6801,28,20419,0,9.924221
88.2,0.55,1335,1514,18,1572,0,7.360104
89.9,0.28,1542,1715,19,7127,0,8.871646
89.6,0.34,250,279,30,327,1,5.78996
100.0,1.78,173,173,10,224,1,5.411646
73.0,0.89,100,137,21,157,1,5.056246
100.0,1.08,243,243,20,244,1,5.497168
100.0,1.24,159,159,7,275,1,5.616771
98.3,0.34,1401,1425,27,2619,0,7.870548
100.0,0.83,128,128,24,176,1,5.170484
100.0,0.18,334,334,7,482,0,6.177944
100.0,0.83,171,171,10,268,1,5.590987
90.8,0.5,177,195,16,247,1,5.509388
72.5,0.9,153,211,16,673,0,6.511745
71.5,0.38,241,337,7,580,0,6.363028
100.0,0.88,266,266,7,560,1,6.327937
90.4,0.34,123,136,7,167,1,5.117994
79.2,0.35,282,356,7,438,0,6.082219
95.7,0.6,110,115,8,194,0,5.267858
93.3,0.72,750,804,8,1980,0,7.590852
80.2,0.17,93,116,7,135,1,4.905275
96.6,0.46,338,350,8,1135,0,7.034388
73.9,0.18,283,383,7,509,0,6.232448
96.0,0.19,9270,9655,18,10156,0,9.22582
64.4,0.13,530,823,5,1615,0,7.38709
69.6,0.16,546,785,15,1715,0,7.447168
69.9,0.45,95,136,9,214,0,5.365976
80.0,0.4,220,275,16,325,0,5.783825
87.3,0.55,96,110,7,139,0,4.934474
100.0,0.71,135,135,11,179,1,5.187386
58.0,0.07,94,162,14,162,0,5.087596
100.0,0.74,244,244,21,278,1,5.627621
74.8,0.39,178,238,7,312,1,5.743003
100.0,0.39,2848,2848,24,14884,1,9.608042
82.9,0.74,175,211,14,2598,1,7.862497
100.0,0.3,195,195,8,310,1,5.736572
100.0,0.15,180,180,7,180,0,5.192957
100.0,1.02,798,798,7,2191,0,7.692113
100.0,2.0,111,111,15,163,1,5.09375
81.5,0.44,462,567,14,2662,1,7.886833
65.6,1.0,897,1368,10,1433,0,7.267525
100.0,2.26,1163,1163,10,1433,0,7.267525
46.9,0.95,206,439,8,506,1,6.226537
79.2,0.41,1497,1890,23,2552,0,7.844633
100.0,0.77,126,126,19,158,1,5.062595
53.3,0.97,2156,4048,15,6197,1,8.73182
77.3,0.15,1395,1805,20,2375,0,7.772753
77.9,0.63,109,140,7,1134,1,7.033506
61.8,0.09,320,518,8,688,0,6.533789
84.1,0.21,1335,1588,9,2467,1,7.810758
100.0,0.39,197,197,7,323,0,5.777652
100.0,0.42,128,128,9,166,1,5.111988
89.9,0.36,349,388,7,408,0,6.011267
100.0,0.24,834,834,8,1023,0,6.930495
100.0,3.06,247,247,6,674,1,6.51323
100.0,0.15,811,811,7,1840,1,7.517521
79.0,0.71,113,143,5,198,1,5.288267
100.0,0.23,87,87,11,157,1,5.056246
89.2,0.91,190,213,21,250,1,5.521461
100.0,0.49,241,241,12,281,1,5.638355
100.0,0.33,1509,1509,9,2570,0,7.851661
100.0,0.13,452,452,8,786,1,6.666957
100.0,0.26,150,150,11,150,0,5.010635
50.9,1.92,112,220,9,282,1,5.641907
74.1,0.33,537,725,8,1117,0,7.018402
100.0,2.18,730,730,9,847,1,6.741701
100.0,1.94,193,193,25,193,1,5.26269
80.7,0.54,138,171,7,2002,0,7.601902
91.2,0.44,18794,20599,8,70969,0,11.17
71.9,0.42,31800,44221,8,70969,0,11.17
91.8,0.3,212,231,7,4549,0,8.422663
100.0,3.74,340,340,7,1750,1,7.467371
20.1,0.2,283,1408,5,1408,1,7.249926
100.0,2.0,188,188,13,195,1,5.273
78.7,0.48,2780,3533,19,4158,0,8.332789
92.3,0.33,854,925,23,1277,0,7.152269
86.0,4.63,584,679,7,869,0,6.767343
100.0,0.71,92,92,30,111,1,4.70953
100.0,0.66,142,142,7,186,1,5.225747
90.1,0.11,649,720,20,1733,1,7.457609
91.5,0.82,355,388,25,456,1,6.122493
100.0,0.39,441,441,9,708,0,6.562444
72.5,0.86,1376,1898,20,2247,0,7.717351
82.8,0.57,202,244,7,301,0,5.70711
48.9,0.99,331,677,10,677,1,6.517671
100.0,3.4,165,165,14,174,1,5.159055
100.0,0.19,322,322,7,454,0,6.118097
100.0,1.37,107,107,17,145,1,4.976734
86.2,0.41,581,674,6,1380,0,7.229839
75.7,0.21,171,226,7,305,0,5.720312
100.0,0.3,182,182,7,182,0,5.204007
100.0,0.91,188,188,7,216,1,5.375278
100.0,0.53,109,109,8,177,1,5.17615
100.0,0.32,408,408,8,548,0,6.306275
65.3,0.39,252,386,8,604,1,6.403574
100.0,1.56,1203,1203,44,2304,0,7.742402
85.5,0.3,2291,2679,19,5819,0,8.668883
20.6,0.04,1151,5586,7,5819,0,8.668883
89.8,0.42,336,374,7,1081,0,6.985642
83.8,0.42,325,388,7,583,0,6.368187
100.0,0.48,6888,6888,48,7830,0,8.965717
53.8,0.45,820,1524,8,2629,0,7.874359
61.2,0.2,290,474,5,818,0,6.706862
100.0,0.8,148,148,11,193,0,5.26269
100.0,0.14,221,221,8,234,1,5.455321
48.2,0.11,520,1079,5,2071,0,7.635787
66.3,0.42,450,679,7,759,0,6.632002
69.9,0.54,1817,2600,8,4270,1,8.359369
100.0,0.38,175,175,37,511,1,6.23637
100.0,0.66,96,96,7,132,1,4.882802
100.0,0.61,186,186,6,260,1,5.560682
78.0,0.27,184,236,5,274,1,5.613128
100.0,0.52,259,259,12,484,1,6.182085
50.0,0.41,168,336,15,478,1,6.169611
100.0,0.57,2567,2567,5,6500,0,8.779557
100.0,4.35,127,127,15,230,1,5.438079
100.0,3.46,100,100,20,201,0,5.303305
100.0,0.72,132,132,16,234,1,5.455321
100.0,1.02,268,268,8,457,1,6.124683
100.0,1.44,78,78,10,528,1,6.269096
100.0,0.62,136,136,16,379,0,5.937536
100.0,0.25,214,214,11,242,0,5.488938
88.0,0.43,16236,18442,7,30308,0,10.31917
99.7,0.58,301,302,8,478,1,6.169611
59.9,0.17,124,207,7,389,1,5.963579
100.0,3.71,8449,8449,7,21963,1,9.997114
59.6,0.53,161,270,5,820,0,6.709304
100.0,1.21,126,126,9,232,1,5.446737
100.0,0.25,970,970,26,1030,0,6.937314
100.0,0.55,238,238,6,371,1,5.916202
100.0,1.0,105,105,7,122,1,4.804021
100.0,0.16,166,166,7,346,1,5.846439
68.9,0.12,73,106,6,125,1,4.828314
79.0,0.21,147,186,7,205,0,5.32301
87.0,0.62,100,115,7,124,1,4.820282
100.0,0.34,281,281,7,656,1,6.486161
95.9,0.51,4394,4584,24,5105,0,8.537975
77.2,0.17,404,523,6,645,0,6.46925
100.0,1.24,79,79,7,1090,0,6.993933
100.0,1.13,48777,48777,7,140000,0,11.88025
91.7,0.43,199,217,5,356,0,5.874931
77.7,0.48,87,112,34,146,1,4.983607
100.0,0.43,349,349,7,555,0,6.318968
8.8,0.5,142,1605,14,2215,0,7.703008
60.9,0.37,978,1605,8,2215,0,7.703008
100.0,1.69,289,289,28,497,0,6.20859
100.0,2.36,207,207,5,226,1,5.420535
100.0,1.5,284,284,9,321,1,5.771441
62.6,0.39,555,886,5,1201,0,7.09091
100.0,0.18,113,113,9,186,0,5.225747
100.0,1.07,748,748,20,931,1,6.836259
65.5,0.46,525,802,7,822,0,6.71174
99.0,0.14,307,310,15,1077,1,6.981935
78.5,1.11,299,381,5,531,1,6.274762
100.0,1.73,107,107,7,237,1,5.46806
100.0,0.53,98,98,18,111,1,4.70953
97.0,0.16,96,99,7,121,1,4.795791
89.9,0.39,321,357,8,587,1,6.375025
77.9,0.48,116,149,6,184,0,5.214936
100.0,0.66,65,65,33,80,0,4.382027
100.0,0.41,105,105,13,166,1,5.111988
73.4,0.28,259,353,6,424,0,6.049734
100.0,1.8,165,165,8,219,1,5.389072
100.0,0.74,272,272,8,555,0,6.318968
89.0,0.77,1896,2130,29,2774,0,7.928046
64.7,0.07,311,481,7,1181,0,7.074117
100.0,0.67,220,220,6,220,1,5.393628
89.4,0.37,447,500,5,544,0,6.298949
78.7,0.12,573,728,6,769,0,6.645091
76.9,0.4,681,885,8,1941,0,7.570959
64.6,0.28,747,1157,7,3018,1,8.01235
78.8,1.15,178,226,20,451,1,6.111467
100.0,0.5,131,131,17,160,1,5.075174
83.9,0.41,1787,2129,27,2312,0,7.745868
100.0,0.1,182,182,11,183,1,5.209486
43.6,0.1,3464,7948,8,13072,0,9.478228
95.4,0.3,187,196,7,235,0,5.459586
95.8,0.32,182,190,5,261,1,5.56452
100.0,0.69,134,134,8,169,1,5.129899
73.5,0.17,114,155,6,332,0,5.805135
100.0,0.68,394,394,45,420,0,6.040255
91.3,0.32,158,173,21,628,1,6.44254
82.6,4.13,90,109,6,383,1,5.948035
100.0,0.72,115,115,32,518,0,6.249975
63.4,0.09,4877,7696,9,12539,0,9.436599
50.3,0.1,1110,2208,5,3928,0,8.275886
100.0,0.14,283,283,7,354,0,5.869297
93.7,0.45,208,222,16,419,0,6.037871
99.1,1.46,111,112,37,199,1,5.293305
93.1,0.27,764,821,15,3463,0,8.149891
67.6,0.21,3188,4716,15,6489,0,8.777864
73.4,0.18,370,504,7,628,0,6.44254
85.0,0.37,713,839,27,976,0,6.883462
77.0,0.42,3357,4357,37,11120,0,9.316501
90.4,0.37,2305,2549,22,2549,0,7.843456
37.0,0.22,80,216,7,261,1,5.56452
100.0,0.95,576,576,7,705,1,6.558198
100.0,0.89,531,531,6,1561,1,7.353082
100.0,0.29,278,278,12,2112,0,7.655391
86.4,0.32,445,515,7,693,0,6.54103
49.7,0.18,279,561,7,1162,0,7.057898
100.0,3.73,105,105,20,284,1,5.648974
73.0,0.37,27935,38276,27,53942,0,10.89566
83.5,0.37,58811,70429,27,89177,0,11.39838
100.0,0.15,110,110,30,182,1,5.204007
100.0,0.65,1268,1268,19,1921,0,7.560601
100.0,0.53,353,353,7,677,1,6.517671
100.0,0.19,1390,1390,7,1729,0,7.455298
74.0,0.32,368,497,7,608,0,6.410175
100.0,0.83,125,125,11,132,1,4.882802
72.7,0.82,112,154,16,224,0,5.411646
75.5,0.37,1058,1402,16,1760,0,7.473069
72.6,0.52,191,263,17,744,0,6.612041
99.2,0.69,238,240,28,240,1,5.480639
100.0,0.2,2239,2239,11,2291,0,7.736743
82.6,0.33,314,380,8,1685,0,7.429521
100.0,0.37,132,132,19,138,0,4.927254
98.9,0.65,90,91,7,231,1,5.442418
89.8,0.36,1069,1190,11,3799,0,8.242494
100.0,0.28,113,113,9,3799,0,8.242494
72.9,0.4,194,266,4,363,0,5.894403
100.0,2.16,529,529,30,680,0,6.522093
85.3,1.18,924,1083,8,26052,0,10.16785
96.4,0.32,400,415,11,1301,0,7.170888
100.0,0.29,206,206,8,205,1,5.32301
60.2,0.13,711,1182,8,1529,0,7.332369
100.0,0.66,126,126,5,168,1,5.123964
76.2,0.41,179,235,7,1337,0,7.198184
100.0,1.77,152,152,16,230,1,5.438079
100.0,0.94,356,356,9,366,1,5.902633
89.6,3.78,180,201,14,350,0,5.857933
71.6,4.18,154,215,5,384,1,5.950643
99.6,1.0,280,281,14,328,1,5.793014
100.0,0.92,310,310,24,385,1,5.953243
100.0,0.57,2749,2749,21,6948,0,8.84621
100.0,0.29,322,322,20,388,1,5.961005
82.5,0.25,950,1151,20,1567,1,7.356918
100.0,0.33,228,228,8,489,0,6.192362
100.0,0.08,1435,1435,15,1719,1,7.449498
44.3,0.11,258,582,5,1013,1,6.920671
100.0,0.58,261,261,6,734,0,6.598509
100.0,0.23,114,114,21,175,0,5.164786
100.0,0.33,223,223,13,322,1,5.774551
100.0,0.2,240,240,7,371,1,5.916202
100.0,1.28,114,114,17,134,1,4.89784
100.0,1.09,67,67,15,168,1,5.123964
100.0,0.56,102,102,9,130,1,4.867535
94.6,0.37,5243,5541,27,6685,0,8.807622
100.0,1.49,416,416,16,1295,0,7.166266
100.0,0.77,117,117,9,150,1,5.010635
74.0,0.18,142,192,15,436,0,6.077642
87.9,0.37,343,390,9,1228,0,7.113142
92.8,0.38,308,332,14,635,0,6.453625
79.5,0.42,454,571,14,962,1,6.869014
100.0,0.4,78,78,12,82,1,4.406719
100.0,4.12,441,441,6,12000,1,9.392662
100.0,0.44,99,99,6,99,1,4.59512
87.2,0.41,170,195,6,202,1,5.308268
100.0,2.0,212,212,7,327,1,5.78996
89.1,0.5,1099,1233,7,1997,1,7.599401
100.0,0.08,226,226,6,449,1,6.107023
100.0,0.23,157,157,5,185,1,5.220356
100.0,1.27,773,773,30,923,1,6.827629
44.7,1.0,519,1162,6,6358,1,8.757469
100.0,0.33,106,106,7,119,1,4.779123
87.6,0.41,254,290,9,338,1,5.823046
66.3,0.61,1202,1813,9,8208,0,9.012864
100.0,0.16,488,488,5,503,1,6.22059
100.0,0.44,127,127,29,214,1,5.365976
100.0,0.74,131,131,5,159,0,5.068904
38.4,0.03,2234,5815,6,9266,0,9.134107
100.0,4.64,150,150,24,356,1,5.874931
39.8,3.0,882,2218,5,2218,0,7.704361
100.0,0.34,561,561,5,1613,1,7.385851
85.2,0.55,276,324,14,331,0,5.802118
99.9,1.67,722,723,29,758,1,6.630683
96.3,0.31,5502,5712,5,10216,0,9.23171
97.6,0.41,820,840,16,877,0,6.776507
99.3,1.24,150,151,7,163,1,5.09375
100.0,1.16,373,373,7,607,1,6.408529
71.7,0.43,195,272,13,461,1,6.133398
100.0,4.25,144,144,6,148,1,4.997212
100.0,0.41,90,90,33,197,1,5.283204
87.0,0.55,114,131,22,1229,0,7.113956
84.6,0.5,838,990,8,1582,0,7.366445
75.5,0.37,1516,2008,7,4273,0,8.360071
62.9,0.2,1368,2176,7,4273,0,8.360071
100.0,3.03,625,625,28,2685,0,7.895436
100.0,0.37,830,830,7,939,0,6.844815
89.0,0.2,291,327,7,1170,0,7.064759
83.3,0.31,2319,2784,10,3154,0,8.056427
82.7,0.33,234,283,7,1153,0,7.050123
100.0,0.41,461,461,6,6938,0,8.844769
100.0,0.41,200,200,6,6938,0,8.844769
100.0,0.41,756,756,6,6938,0,8.844769
100.0,0.41,303,303,6,6938,0,8.844769
87.5,1.0,1633,1867,20,8686,0,9.069468
100.0,2.94,303,303,8,539,0,6.289716
73.9,0.45,133,180,7,302,0,5.710427
64.0,0.84,304,475,5,517,0,6.248043
100.0,0.96,387,387,9,482,1,6.177944
74.6,0.1,4597,6162,7,11649,0,9.362976
84.3,0.88,70,83,7,180,1,5.192957
100.0,1.19,241,241,27,503,1,6.22059
75.1,0.13,368,490,24,987,0,6.89467
100.0,1.53,420,420,14,2964,0,7.994295
100.0,1.85,2103,2103,5,2964,0,7.994295
100.0,1.43,51,51,16,146,1,4.983607
100.0,0.4,176,176,5,176,1,5.170484
100.0,0.66,231,231,5,488,1,6.190315
100.0,1.66,205,205,9,209,0,5.342334
100.0,0.84,214,214,25,258,1,5.552959
100.0,0.46,4474,4474,27,6512,0,8.781402
95.0,0.37,515,542,14,894,1,6.795706
100.0,3.59,193,193,5,309,1,5.733341
99.4,0.58,174,175,7,508,0,6.230482
93.2,0.68,204,219,7,295,1,5.686975
91.6,0.19,327,357,9,500,1,6.214608
100.0,0.58,246,246,6,246,0,5.505332
100.0,0.6,2667,2667,23,17865,1,9.790599
50.7,0.08,336,663,5,705,0,6.558198
91.4,0.56,159,174,6,206,0,5.327876
100.0,0.09,143,143,6,503,1,6.22059
89.9,1.02,240,267,33,895,0,6.796824
71.7,0.34,803,1120,9,1801,0,7.496098
67.8,0.33,99,146,7,203,1,5.313206
66.6,0.41,1116,1676,9,1850,0,7.522941
91.9,0.4,375,408,10,408,0,6.011267
99.2,0.36,122,123,10,123,0,4.812184
88.0,0.54,191,217,8,232,0,5.446737
59.2,0.23,12083,20394,39,27000,0,10.20359
89.0,0.44,12305,13822,31,24510,0,10.10684
100.0,0.95,432,432,41,613,1,6.418365
75.3,0.13,374,497,10,517,0,6.248043
81.3,0.43,883,1086,39,1481,0,7.300473
100.0,0.44,162,162,15,212,1,5.356586
100.0,2.84,482,482,32,716,0,6.57368
95.4,0.48,7124,7469,33,29131,0,10.27956
91.7,0.33,17636,19242,33,29131,0,10.27956
97.2,0.49,172,177,38,689,0,6.535241
79.7,0.5,247,310,24,338,0,5.823046
79.0,0.51,452,572,18,906,1,6.809039
93.3,0.39,181,194,23,239,0,5.476463
94.2,0.54,36552,38798,40,60916,0,11.01725
76.3,0.52,8723,11430,28,19116,0,9.858281
100.0,2.98,957,957,27,3225,1,8.078689
100.0,3.14,1515,1515,40,4838,0,8.484257
77.7,0.46,3262,4199,36,6874,0,8.835502
82.3,0.18,116,141,5,160,0,5.075174
76.1,0.25,38977,51189,9,57279,0,10.95569
82.5,0.53,255,309,7,324,1,5.780744
100.0,0.33,306,306,33,522,0,6.257668
82.7,0.41,1084,1310,25,2388,0,7.778212
91.5,1.32,929,1015,38,2388,0,7.778212
84.2,0.43,133,158,32,2156,0,7.67601
78.0,0.36,578,741,37,979,0,6.886532
100.0,0.55,750,750,13,924,1,6.828712
93.9,0.42,139,148,32,165,1,5.105946
91.1,0.39,2220,2437,16,4036,0,8.303009
100.0,0.64,99,99,16,271,1,5.602119
100.0,1.63,103,103,23,591,0,6.381816
100.0,2.3,89,89,33,456,1,6.122493
100.0,3.98,176,176,24,428,0,6.059123
100.0,1.7,1349,1349,16,2548,1,7.843064
81.3,0.81,87,107,23,243,0,5.493062
100.0,4.38,197,197,19,589,0,6.378426
83.8,0.38,358,427,7,3980,0,8.289037
71.6,1.91,682,953,40,1312,0,7.179308
100.0,0.34,61,61,16,69,1,4.234107
100.0,1.61,1121,1121,25,1745,1,7.46451
99.9,0.95,1004,1005,22,1094,1,6.997596
100.0,0.03,1570,1570,31,31853,1,10.36889
100.0,1.63,582,582,41,12811,0,9.458059
99.8,0.71,2726,2731,25,3133,1,8.049747
90.3,0.53,215,238,6,342,1,5.834811
100.0,0.97,88,88,20,284,1,5.648974
100.0,2.75,378,378,29,477,1,6.167517
90.3,0.35,243,269,29,399,0,5.988961
100.0,1.5,92,92,32,165,1,5.105946
100.0,2.36,135,135,21,135,0,4.905275
100.0,1.79,264,264,21,264,0,5.575949
100.0,0.8,680,680,24,858,0,6.754604
100.0,0.17,4439,4439,7,5179,0,8.552367
70.3,0.45,473,673,9,2549,0,7.843456
100.0,0.44,529,529,7,529,1,6.270988
100.0,1.02,171,171,19,492,1,6.198479
100.0,0.12,330,330,19,330,1,5.799093
91.6,0.75,4511,4926,22,9417,0,9.150271
100.0,1.11,2706,2706,24,3068,1,8.028781
44.1,0.38,1067,2422,7,3473,0,8.152774
100.0,0.57,1251,1251,13,1300,1,7.17012
86.9,0.25,126,145,11,230,0,5.438079
100.0,0.67,270,270,23,474,1,6.161207
100.0,1.66,1167,1167,25,1602,1,7.379008
62.2,0.16,634,1020,7,1020,0,6.927558
77.3,0.35,656,849,7,36962,0,10.51765
76.9,0.19,100,130,7,195,1,5.273
53.1,0.22,220,414,8,1460,0,7.286192
66.5,0.25,179,269,7,269,1,5.594711
100.0,0.29,13518,13518,21,18677,0,9.835048
100.0,2.45,10518,10518,13,19055,1,9.855084
100.0,0.71,43410,43410,42,65151,0,11.08446
100.0,0.28,1539,1539,14,1539,1,7.338888
70.5,0.45,308,437,5,476,1,6.165418
61.5,0.71,2057,3343,19,22026,1,9.999979
90.0,0.45,955,1061,14,1223,1,7.109062
100.0,0.26,492,492,9,526,0,6.265301
100.0,0.53,108,108,8,144,1,4.969813
63.3,0.2,1774,2804,9,8546,0,9.053219
56.7,0.16,2707,4775,7,6740,1,8.815815
100.0,0.96,579,579,16,844,1,6.738153
100.0,1.33,123,123,19,171,1,5.141664
100.0,0.42,111,111,7,158,1,5.062595
68.7,0.16,491,715,7,1012,0,6.919684
93.2,0.5,11420,12249,27,29557,0,10.29408
100.0,0.05,583,583,8,666,1,6.50129
76.4,2.05,223,292,11,333,1,5.808143
88.6,1.28,1640,1852,6,4094,0,8.317278
100.0,1.03,155,155,10,240,1,5.480639
80.6,0.2,228,283,7,385,1,5.953243
100.0,2.31,283,283,8,341,0,5.831882
84.9,0.41,118,139,7,405,1,6.003887
90.5,0.37,12981,14339,40,50697,0,10.83362
100.0,0.27,704,704,17,50697,0,10.83362
100.0,0.08,613,613,22,50697,0,10.83362
100.0,0.37,1075,1075,22,50697,0,10.83362
78.8,0.43,216,274,8,370,1,5.913503
46.9,0.23,307,655,8,655,1,6.484635
91.7,0.16,7673,8364,37,11930,0,9.386811
100.0,1.78,129,129,15,286,0,5.655992
100.0,0.34,119,119,11,152,0,5.02388
88.2,0.4,240,272,16,338,1,5.823046
100.0,0.43,127,127,7,334,1,5.811141
86.3,0.8,594,688,6,929,0,6.834109
61.4,0.21,89,145,8,186,1,5.225747
97.1,0.42,167,172,18,196,1,5.278115
76.3,0.3,297,389,9,569,0,6.343881
86.5,0.4,147,170,23,205,0,5.32301
35.8,0.17,435,1215,5,1517,1,7.32449
74.7,1.13,515,689,6,26052,1,10.16785
100.0,0.86,684,684,13,859,0,6.755769
51.9,0.11,309,595,6,603,1,6.401917
62.0,0.12,455,734,5,910,1,6.813445
78.6,0.54,869,1105,5,1396,1,7.241366
81.8,0.8,270,330,12,398,1,5.986452
28.6,0.18,1172,4101,9,4688,0,8.452762
100.0,0.11,600,600,8,935,0,6.840547
100.0,0.5,446,446,6,468,0,6.148468
100.0,2.41,119,119,12,119,1,4.779123
100.0,0.35,600,600,6,856,1,6.75227
100.0,0.26,199,199,12,661,0,6.493754
100.0,0.24,197,197,30,450,1,6.109248
80.9,0.36,8975,11099,42,12721,0,9.45101
49.2,0.41,493,1003,18,1599,0,7.377134
100.0,2.3,127,127,25,589,1,6.378426
100.0,0.67,202,202,8,202,1,5.308268
75.2,0.39,2949,3921,11,6584,0,8.792397
100.0,1.04,149,149,15,232,1,5.446737
87.4,0.4,209,239,7,1605,0,7.380879
3.0,0.38,1049,34547,8,88975,0,11.39611
84.6,0.44,126,149,9,155,1,5.043425
93.3,0.47,16579,17766,8,70707,0,11.1663
67.2,0.19,240,357,8,2384,0,7.776535
59.9,0.18,1195,1994,8,2384,0,7.776535
100.0,0.4,128,128,15,138,1,4.927254
86.5,0.5,587,679,5,694,0,6.542472
100.0,0.34,126,126,7,241,1,5.484797
100.0,0.19,514,514,9,756,0,6.628041
100.0,4.78,358,358,7,661,1,6.493754
100.0,3.85,237,237,8,317,1,5.758902
100.0,0.31,309,309,33,355,0,5.872118
62.0,0.19,325,524,12,718,0,6.576469
100.0,1.25,2667,2667,16,6344,0,8.755265
98.9,1.27,177,179,5,208,1,5.337538
64.6,0.3,363,562,5,639,1,6.459905
84.1,0.44,143,170,8,279,1,5.631212
14.9,0.22,1011,6801,7,9188,1,9.125653
81.7,0.47,3168,3879,7,10526,0,9.261603
68.3,0.42,112,164,16,262,1,5.568345
100.0,0.4,136,136,12,320,1,5.768321
100.0,2.89,765,765,36,3625,0,8.195609
80.4,0.05,234,291,8,389,1,5.963579
72.6,0.32,3349,4615,8,41406,0,10.63118
100.0,0.61,813,813,7,2413,0,7.788626
90.5,0.39,3261,3603,27,3915,0,8.272571
100.0,0.32,77,77,13,181,0,5.198497
80.6,0.17,489,607,7,1944,0,7.572503
64.4,0.32,2013,3128,7,4561,0,8.425297
73.0,0.33,712,975,13,1148,0,7.045776
85.4,0.48,164,192,27,327,1,5.78996
70.2,0.12,335,477,14,2679,0,7.893199
86.5,0.37,38493,44517,27,88975,0,11.39611
76.4,0.38,26405,34547,27,88975,0,11.39611
100.0,0.87,222,222,28,231,0,5.442418
100.0,0.97,72,72,33,98,1,4.584968
90.8,0.69,45288,49893,26,120000,0,11.67346
77.0,0.44,33430,43428,30,54497,0,10.9059
81.2,1.14,613,755,10,1170,1,7.064759
58.2,0.56,318,546,6,912,1,6.81564
60.9,0.32,227,373,17,434,0,6.073044
94.4,0.12,135,143,6,226,1,5.420535
71.1,0.38,1590,2235,8,9741,1,9.184099
69.8,0.43,268,384,7,492,0,6.198479
65.0,0.36,2456,3776,5,7360,1,8.903815
89.0,0.34,3942,4428,31,4549,0,8.422663
67.0,0.53,293,437,7,628,1,6.44254
87.6,0.36,14890,16996,28,18364,0,9.818148
100.0,0.38,10881,10881,9,29203,0,10.28203
100.0,0.21,5378,5378,48,6561,0,8.788898
100.0,0.54,448,448,6,494,0,6.202536
100.0,3.33,155,155,17,539,1,6.289716
97.9,0.36,5154,5266,16,7324,0,8.898911
72.8,0.46,107,147,8,174,0,5.159055
100.0,1.16,210,210,21,359,0,5.883322
100.0,0.19,117,117,41,135,1,4.905275
100.0,1.86,491,491,34,1171,1,7.065613
100.0,2.76,387,387,40,482,1,6.177944
100.0,0.79,2168,2168,9,2515,0,7.830028
100.0,4.91,102,102,17,154,1,5.036952
87.5,0.29,4298,4911,26,11047,0,9.309915
100.0,0.55,1940,1940,15,2843,0,7.952615
80.6,0.22,150,186,7,289,0,5.666427
60.8,1.25,146,240,8,347,0,5.849325
73.8,0.25,459,622,40,846,0,6.74052
100.0,1.15,806,806,9,1645,1,7.405496
73.7,0.35,143,194,7,505,0,6.224558
92.4,0.35,219,237,33,340,1,5.828946
100.0,1.47,93,93,5,122,0,4.804021
85.0,0.39,734,864,7,986,0,6.893656
100.0,0.99,204,204,9,253,1,5.53339
85.3,0.39,5507,6459,14,28544,0,10.2592
85.8,0.5,11623,13553,24,78182,0,11.2668
89.0,0.5,50985,57288,24,78183,0,11.26681
79.4,0.51,2532,3188,7,78182,0,11.2668
64.3,0.12,2861,4452,11,6359,0,8.757627
91.8,0.31,191,208,10,337,0,5.820083
100.0,0.46,246,246,38,300,1,5.703783
98.4,0.33,932,947,8,1137,1,7.036149
82.6,0.43,152,184,5,223,1,5.407172
84.3,0.94,698,828,16,859,0,6.755769
100.0,1.86,134,134,8,179,1,5.187386
100.0,0.69,7087,7087,18,11643,0,9.36246
70.2,0.5,708,1009,15,1442,1,7.273787
100.0,1.48,108,108,27,365,0,5.899898
95.8,0.4,2184,2280,15,3544,0,8.173012
100.0,0.2,229,229,7,232,1,5.446737
100.0,2.08,94,94,5,147,1,4.990433
100.0,0.76,113,113,9,407,1,6.008813
100.0,0.32,161,161,26,220,1,5.393628
100.0,1.77,126,126,6,216,1,5.375278
79.8,0.42,1769,2218,22,2571,0,7.85205
58.4,0.21,9276,15881,25,18404,0,9.820323
100.0,1.0,176,176,5,650,0,6.476973
100.0,0.4,153,153,8,186,0,5.225747
79.6,0.49,180,226,24,255,0,5.541264
100.0,0.3,1172,1172,12,1384,0,7.232733
100.0,0.79,1172,1172,11,1384,0,7.232733
81.7,0.41,250,306,7,382,0,5.945421
100.0,0.17,232,232,8,385,1,5.953243
100.0,0.17,134,134,7,174,1,5.159055
100.0,0.03,95,95,19,146,1,4.983607
100.0,1.3,129,129,30,236,0,5.463832
100.0,2.18,157,157,8,193,1,5.26269
100.0,0.69,560,560,16,625,1,6.437752
100.0,0.63,23000,23000,9,44450,0,10.70212
100.0,0.64,190,190,9,907,1,6.810143
100.0,0.59,129,129,26,185,1,5.220356
100.0,0.26,254,254,21,295,1,5.686975
100.0,1.6,1542,1542,9,2508,0,7.827241
100.0,0.2,234,234,5,290,1,5.669881
31.4,0.03,922,2933,6,4212,0,8.345693
98.5,0.59,128,130,7,130,1,4.867535
100.0,1.25,770,770,26,823,1,6.712956
100.0,3.7,640,640,8,825,0,6.715384
100.0,0.03,190,190,6,480,1,6.173786
100.0,0.58,402,402,7,629,1,6.444131
73.9,0.18,677,916,6,1026,0,6.933423
100.0,1.0,150,150,9,240,1,5.480639
79.3,0.38,571,720,19,5802,1,8.665958
70.6,0.4,173,245,40,870,1,6.768493
100.0,0.22,102,102,22,115,0,4.744932
69.3,0.76,280,404,27,909,1,6.812345
93.4,0.07,576,617,7,617,0,6.424869
100.0,2.32,318,318,27,319,0,5.765191
84.7,0.38,149,176,7,196,1,5.278115
100.0,0.04,196,196,9,303,1,5.713733
100.0,0.34,1224,1224,12,1805,0,7.498316
100.0,0.14,168,168,19,176,1,5.170484
100.0,0.72,138,138,20,157,1,5.056246
100.0,0.46,186,186,15,212,1,5.356586
94.4,1.51,84,89,12,124,0,4.820282
100.0,0.53,644,644,8,727,0,6.588926
62.5,0.4,95,152,7,315,1,5.752573
53.7,0.09,440,820,8,965,0,6.872128
100.0,0.64,241,241,25,392,1,5.971262
100.0,1.13,268,268,15,464,1,6.139884
100.0,1.06,417,417,24,419,0,6.037871
87.7,1.9,408,465,18,702,0,6.553934
85.7,0.51,180,210,8,214,0,5.365976
100.0,0.38,123,123,6,459,0,6.12905
62.9,1.21,1415,2251,19,18700,1,9.836279
100.0,0.71,240,240,10,318,1,5.762052
100.0,1.34,169,169,21,280,1,5.634789
56.7,0.09,135,238,8,288,1,5.662961
100.0,0.14,640,640,5,837,0,6.729824
100.0,1.93,284,284,18,284,1,5.648974
100.0,0.18,469,469,19,475,0,6.163315
60.3,0.27,232,385,12,423,1,6.047372
21.3,0.38,766,3600,6,4500,1,8.411833
85.7,0.4,699,816,7,1504,0,7.315884
100.0,0.39,225,225,8,519,0,6.251904
100.0,0.72,149,149,16,170,1,5.135798
71.7,0.79,266,371,31,543,0,6.297109
91.7,0.27,144,157,9,505,1,6.224558
100.0,0.69,2351,2351,8,2351,1,7.762596
55.9,0.39,243,435,7,625,0,6.437752
94.2,0.16,373,396,18,608,1,6.410175
100.0,1.61,110,110,21,178,1,5.181784
96.5,0.51,750,777,5,873,0,6.771935
100.0,0.12,100,100,22,186,1,5.225747
87.6,0.66,106,121,5,398,1,5.986452
77.3,0.32,1482,1916,9,22023,0,9.999843
100.0,0.42,103,103,7,417,0,6.033086
100.0,1.88,72,72,19,138,1,4.927254
62.7,0.36,16545,26395,22,39378,0,10.58096
100.0,0.48,256,256,7,431,1,6.066108
100.0,0.32,336,336,7,359,0,5.883322
89.7,0.36,2313,2578,12,4540,0,8.420682
100.0,0.23,621,621,8,720,1,6.579251
100.0,2.37,131,131,13,166,1,5.111988
100.0,0.2,449,449,6,19744,1,9.890605
77.7,0.14,290,373,5,978,1,6.885509
56.8,0.26,643,1132,6,1281,0,7.155396
58.2,0.36,185,318,11,332,1,5.805135
100.0,0.36,240,240,9,300,0,5.703783
100.0,0.94,2031,2031,6,2898,1,7.971776
70.0,0.31,91,130,6,252,1,5.529429
60.1,1.77,101,168,5,359,1,5.883322
100.0,1.16,168,168,21,168,1,5.123964
100.0,1.35,137,137,11,163,1,5.09375
78.1,0.31,3703,4743,5,6994,0,8.852808
78.1,0.31,3703,4743,5,6994,0,8.852808
100.0,0.49,166,166,6,264,1,5.575949
100.0,0.54,100,100,6,124,0,4.820282
100.0,0.59,475,475,8,562,0,6.331502
100.0,0.79,571,571,7,926,0,6.830874
100.0,0.66,764,764,9,830,1,6.721426
92.6,2.31,100,108,8,160,1,5.075174
100.0,1.86,157,157,6,157,1,5.056246
61.7,0.41,513,832,6,979,1,6.886532
55.5,0.09,161,290,5,493,1,6.200509
100.0,0.93,190,190,12,190,1,5.247024
100.0,0.07,128,128,7,182,1,5.204007
100.0,1.96,175,175,9,214,1,5.365976
100.0,1.99,427,427,13,627,1,6.440947
17.4,0.29,265,1524,5,1549,0,7.345365
100.0,0.12,254,254,7,345,1,5.843544
90.8,1.18,1448,1594,21,26052,1,10.16785
100.0,0.28,108,108,6,325,1,5.783825
99.6,0.24,229,230,13,230,1,5.438079
76.4,0.4,2652,3469,8,60258,0,11.00639
43.8,0.2,1372,3130,6,10990,1,9.304741
100.0,0.39,191,191,13,393,1,5.97381
100.0,0.58,110,110,5,211,1,5.351858
79.3,0.43,318,401,9,57065,1,10.95195
100.0,0.9,617,617,10,938,1,6.84375
100.0,0.76,180,180,10,242,1,5.488938
51.5,0.23,177,344,7,419,1,6.037871
88.4,1.26,61,69,8,210,0,5.347107
79.9,0.67,147,184,51,309,0,5.733341
80.8,0.69,101,125,29,309,0,5.733341
92.6,0.59,261,282,6,510,0,6.234411
100.0,1.29,694,694,10,1289,1,7.161622
92.5,0.52,297,321,22,364,1,5.897154
43.3,0.15,384,886,7,1191,1,7.082549
45.8,0.44,1690,3691,7,5865,1,8.676758
67.2,0.19,117,174,6,305,1,5.720312
100.0,0.12,3565,3565,9,3565,1,8.17892
79.3,0.71,107,135,5,216,1,5.375278
78.8,0.46,761,966,8,980,0,6.887553
100.0,0.29,764,764,6,962,0,6.869014
100.0,0.38,113,113,8,185,0,5.220356
50.9,0.52,144,283,9,796,1,6.679599
81.6,0.42,142,174,8,177,1,5.17615
77.6,0.36,222,286,7,381,0,5.9428
93.9,0.5,400,426,8,457,1,6.124683
80.9,0.47,555,686,16,1399,0,7.243513
100.0,0.21,159,159,6,189,1,5.241747
85.8,0.16,1138,1327,18,1328,0,7.191429
100.0,1.01,121,121,6,537,1,6.285998
100.0,0.29,184,184,7,231,1,5.442418
100.0,2.64,207,207,6,259,1,5.556828
100.0,0.52,3405,3405,8,4792,0,8.474703
70.9,0.41,100,141,8,141,1,4.94876
100.0,0.95,183,183,5,223,1,5.407172
100.0,1.04,1590,1590,12,1612,0,7.385231
91.8,0.97,167,182,9,525,1,6.263398
72.1,0.12,202,280,6,1564,0,7.355002
100.0,0.43,98,98,12,167,1,5.117994
74.7,0.39,74,99,8,170,1,5.135798
72.9,0.81,3601,4937,6,7061,0,8.862342
100.0,2.9,110,110,8,129,0,4.859812
63.6,0.34,673,1059,9,2700,1,7.901007
52.7,0.45,196,372,12,486,0,6.186209
83.3,0.03,209,251,8,520,0,6.253829
84.9,0.27,118,139,18,148,0,4.997212
100.0,0.1,129,129,10,132,0,4.882802
70.9,0.5,280,395,5,1777,0,7.482682
68.8,0.38,350,509,5,577,1,6.357842
82.6,0.56,2282,2763,24,4090,0,8.3163
100.0,0.78,15923,15923,26,45000,0,10.71442
100.0,3.1,92,92,26,108,1,4.682131
99.5,0.71,5097,5123,41,8331,1,9.027739
91.9,0.21,203,221,14,241,1,5.484797
68.7,0.19,1762,2566,7,3894,1,8.267192
73.8,0.35,107,145,7,215,0,5.370638
100.0,2.67,1376,1376,13,1376,1,7.226936
78.5,0.31,1772,2256,6,2332,0,7.754481
99.2,0.4,2254,2273,36,18706,0,9.836599
100.0,0.87,193,193,8,193,0,5.26269
79.1,0.51,121,153,8,6951,0,8.846641
81.0,0.98,162,200,7,236,0,5.463832
93.1,0.65,256,275,7,398,0,5.986452
100.0,0.8,417,417,8,459,1,6.12905
68.9,0.6,665,965,6,1603,1,7.379632
100.0,1.73,1086,1086,9,2817,0,7.943428
59.6,0.05,271,455,8,507,0,6.228511
100.0,3.24,2477,2477,30,3523,0,8.167068
52.4,0.31,1392,2659,8,34393,0,10.44561
100.0,0.99,325,325,39,439,1,6.084499
54.9,0.4,203,370,7,521,0,6.25575
100.0,4.02,432,432,34,660,0,6.49224
89.1,1.4,212,238,31,469,1,6.150603
60.6,0.06,829,1367,7,1828,0,7.510978
85.1,0.33,553,650,24,907,0,6.810143
100.0,2.52,142,142,17,197,1,5.283204
100.0,2.27,1928,1928,35,2171,0,7.682943
100.0,0.58,166,166,8,931,1,6.836259
100.0,0.45,2179,2179,24,3187,0,8.066835
